Sr#,Vehicle ID,Qty,Driver 1,Driver 2,Reporting/Filling Date,Product,Filling Point,Heading,Destination,Current Location,Remarks

"1","C-2837","21KL","Muhammad Ahmed ()","Muhammad Hayat (090078601)","2024-04-19T00:00:00","","","UP","","NBP Bank Near Machike Village Bus Stop, Shkp-Sargodha Rd, Dist SHKP (0.1)","Test"
"2","C-2837B","","abc test ()"," ()","","","","UP","","Not Found","Test"
"3","C-2838","21KL","Muhammad Nadeem Anwar ()","Sajid Hussain ()","2024-04-19T00:00:00","","","UP","","AT FLOUR MILLS NEW PIR PAI GT Road Grand Trunk Road Nowshera","Test"
"4","C-2857","","Muhammad Shahzad ()","Muhammad Adil Shah ()","2024-04-19T00:00:00","","","UP","","PSO Depot MCH","Test"
"5","Hascol-FIRED","","Qudrat Ullah ()"," ()","","","","UP","","Not Found","Test"
"6","HTL-SPARE","","Akhter Alam ()","Pervaiz Ahmed ()","","","","UP","","Not Found","Test"
"7","JQ-0670","","Muhammad Tahir ()","Zohaib Khan ()","","","","UP","","Hascol Depo Port Qasim","Test"
"8","JQ-0692","","Muhammad Qaiser ()"," ()","","","","UP","","193 KM-SUK (MILEMARKER) National Highway , Sindh","Test"
"9","JQ-0693","","Zakir Ali ()"," ()","","","","UP","","Noorpur Khanewal","Test"
"10","JQ-0695","","Shabir Khan ()","Jawed Iqbal ()","","","","UP","","TCF SCHOOL HUB  , Hub, Balochistan","Test"
"11","JQ-0769","","Waqas Ahmed ()","Iran Khan ()","2024-04-19T00:00:00","","","UP","","Chak 206 GB Sarwali","Test"
"12","JQ-0770","","Shah Fahad Khan ()","Meer Ali Shah ()","","","","UP","","Unique Enterprise. Plot No.123","Test"
"13","JQ-0771","","Amir Abbas Shah ()","Nazar Abbas ()","2024-04-19T00:00:00","","","UP","","Parco Refinery","Test"
"14","JQ-0778","","Muhammad Rafiq ()","Usman Haider ()","","","","UP","","240 KM-SUK (MILEMARKER) National Highway , Sindh","Test"
"15","JQ-0779","","Bashir Ahmad ()","Khail Muhammad ()","","","","UP","","NHHB","Test"
"16","JQ-0780","","Masood ()","Saif Ullah ()","","","","UP","","NHHB","Test"
"17","JQ-0833","","Ansar Abbas ()","Muhammad Razaq ()","","","","UP","","TCF SCHOOL HUB  , Hub, Balochistan","Test"
"18","JQ-0837","","Nawab Khan ()"," ()","","","","UP","","At Authorized workshop Tarnol","Test"
"19","JQ-0838","","Abid ()","Zabid Ali ()","","","","UP","","Hascol Depo Mehmoodkot","Test"
"20","JQ-0871","","Niaz Muhammad Masood ()","Khuwaj Muhammad ()","","","","UP","","387 KM-SUK (MILEMARKER) Super Highway , Sindh","Test"
"21","JQ-0874","","Salah Uddin ()","Akhtar Meer ()","","","","UP","","Sindh Islamia Hotel","Test"
"22","JQ-0875","","Saif Ullah ()","Saddam ()","","","","UP","","Agility-Engro Polymer (KHI-Plant)","Test"
"23","JQ-0909","","Khan Zeb ()","Sahib Ullah ()","2024-04-19T00:00:00","","","UP","","AUT CAPT-NRA Al Haj Kotri Kabir","Test"
"24","JQ-0910","","Azeem Ullah ()"," ()","","","","UP","","AUT CAPT-NRA Al Haj Kotri Kabir","Test"
"25","JQ-0911","","Zahid Abbas Shah ()","Akhtar Zaman ()","","","","UP","","45 KM-KHI (MILEMARKER) Super Highway (Karachi) Gad","Test"
"26","JQ-0912","","Mujahid Khan ()","Aftab ()","","","","UP","","NHHB","Test"
"27","JQ-0927","","Muhammad Sheraz ()","Muhammad Zaheer ()","","","","UP","","AIMS SCHOOL SYSTEM Hiran Minar Rd (Sheikhupura) , ","Test"
"28","JQ-0929","","Farman Hussain ()","Haji Muhammad ()","","","","UP","","Authorized Rest Area  Rainbow Fs Rawat Parking Are","Test"
"29","JQ-0930","","Allah Ditta ()","Sher Ahmed ()","2024-04-19T00:00:00","","","UP","","GOVT. PRIMARY SCHOOL Muzaffargarh-Alipur Rd , Punj","Test"
"30","JQ-0934","","Shafi Ullah ()"," ()","","","","UP","","Anti-Terrorist TRG Center","Test"
"31","JQ-0936","","Amin Shah ()","Muhammad Tahir ()","2024-04-19T00:00:00","","","UP","","Approved Rest Area by FKTC Al-Madina Hotel","Test"
"32","JQ-0937","","Muhammad Akhtar ()","Qasim Masih ()","2024-04-19T00:00:00","","","UP","","Karachi North Western Industrial Zone Port Qasim","Test"
"33","JQ-0967","","Abid Hussain ()"," ()","","","","UP","","Parco MCR Qasba Gujrat","Test"
"34","JQ-0968","","Faisal Rajab ()","Arif Hussain ()","","","","UP","","45 KM-KHI (MILEMARKER) Super Highway (Karachi) Gad","Test"
"35","JQ-0969","","Muhammad Hanif ()"," ()","","","","UP","","Hascol Depo Port Qasim","Test"
"36","JQ-0984","","Zahid Anwar ()","Muhammad Saeed ()","2024-04-19T00:00:00","","","UP","","TCF SCHOOL HUB  , Hub, Balochistan","Test"
"37","JQ-0987","","Zakir Ullah ()","Wisal Khan ()","2024-04-19T00:00:00","","","UP","","ADMORE-9 KM-MORO National Highway , Sindh","Test"
"38","JQ-0990","","Muhammad Arif Azad ()","Muhammad Nawaz ()","","","","UP","","NHHB Base Shakoor & Co","Test"
"39","JQ-0992","","Musweir ()"," ()","2024-04-19T00:00:00","","","UP","","NHHB Base Shakoor & Co","Test"
"40","JQ-0995","","Rashid Ahmed ()","Muhammad Ismail ()","2024-04-19T00:00:00","","","UP","","PSO PETROL STATION National Highway Gulshan-e-Hade","Test"
"41","JQ-1075","","Abu Bakar ()","Hamid ()","2024-04-19T00:00:00","","","UP","","Shell Kalyam Sharif F/S","Test"
"42","JQ-1076","","Muhammad Arif ()","Muhammad Asghar ()","2024-04-19T00:00:00","","","UP","","NHHB Base Shakoor & Co","Test"
"43","JQ-1077","","Muhammad Ramzan ()","Dost Muhammad Shah ()","","","","UP","","Hascol Depo Port Qasim","Test"
"44","JQ-1078","","Ahsan ullah khan ()","Muhammad Shareef Khan ()","","","","UP","","Hascol Depo Port Qasim","Test"
"45","JQ-1079","","Shan Muhammad ()","Muhammad Shafiq ()","","","","UP","","Hascol Depo Mehmoodkot","Test"
"46","JQ-1081","","Mumtaz Khan ()","Shoukat ()","","","","UP","","NHHB","Test"
"47","JQ-1082","","Muneer Ahmed Saeedi ()","M. Shafiq ()","","","","UP","","Dera Sindhian","Test"
"48","JQ-1083","","Ulfat Ullah ()"," ()","","","","UP","","M4 Rest Area Sangla Hill Faisalabad","Test"
"49","JQ-1084","","Muhammad Majeed ()","Mubashar Hussain ()","","","","UP","","Hascol Depo Port Qasim","Test"
"50","JQ-1085","","Muhammad Mehboob ()","Muhammad Iqbal Khan ()","","","","UP","","Approved Rest Area by FKTC Lucky Marwat Hotel Noor","Test"
"51","JQ--1129","","JAMSHED ()","Faqeer Ullah Khan ()","2024-04-19T00:00:00","","","UP","","Not Found","Test"
"52","JQ-1131","","Barkat Shah ()","Adam Khan ()","2024-04-19T00:00:00","","","UP","","762 KM-LHR (MILEMARKER) National Highway (Irazi Sa","Test"
"53","JQ-1134","","Subo Sadiq ()","Atta Hussain ()","","","","UP","","EMERGENCY CALL LOCATION # 89 M2 S ISB LHR Motorway","Test"
"54","JQ-1135","","Shuja Ul Malk ()","Jahangir khan ()","","","","UP","","Hascol Depo Port Qasim","Test"
"55","JQ-1138","","Ashfaq ()","Muhammad Asif ()","2024-04-19T00:00:00","","","UP","","Chak 479 GB Noorpur","Test"
"56","JQ-1140","","Muhammad Imran ()"," ()","2024-04-19T00:00:00","","","UP","","TSG Authorized Rest Area Lucky Marwat Hotel","Test"
"57","JQ-1142","","Muhammad Kashif ()","Fazal Amin ()","","","","UP","","Byco Refinery HUB","Test"
"58","JQ-1143","","Muhammad Abid ()","Mumtaz Ahmed ()","","","","UP","","NHHB Base Shakoor & Co","Test"
"59","JQ-1144","","Abdul lateef ()","Baitullah ()","","","","UP","","NHHB Base Shakoor & Co","Test"
"60","JQ-1145","","Muneer Ahmed ()"," ()","","","","UP","","NHHB Base Shakoor & Co","Test"
"61","JQ-1146","","Raj Wali ()","Sabir Shah ()","","","","UP","","Rasch Hualier Base 2","Test"
"62","JQ-1147","","Babar Zaman ()"," ()","","","","UP","","EMERGENCY CALL LOCATION # 59 M2 S ISB LHR Motorway","Test"
"63","JQ-1149","","Rehmat Ullah ()","Farhan ()","2024-04-19T00:00:00","","","UP","","PSO Depot MCH","Test"
"64","JQ-1151","","Khizar Mehmood ()","Mulazim Hussain ()","","","","UP","","Byco Refinery HUB - Balochistan","Test"
"65","JQ-1259","","Zahid Khan ()"," ()","2024-04-16T00:00:00","Oil","Lahore","UP","MM PSO PuMP","NHHB Base Shakoor & Co","Test"
"66","JQ-1260","","Muhammad Ikhlaq ()","Umat Hussain ()","2024-04-19T00:00:00","","","UP","","TCF SCHOOL HUB  , Hub, Balochistan","Test"
"67","JQ-1261","","Fahad ()","Muhammad Ayaz ()","2024-04-19T00:00:00","","","UP","","528 KM-LHR (MILEMARKER) National Highway , Punjab","Test"
"68","JQ-1264","","Yousuf Khan ()","Qismat Ullah ()","","","","UP","","TCF SCHOOL HUB  , Hub, Balochistan","Test"
"69","JQ-1304","","Daud Sher ()"," ()","","","","UP","","11 KM-SAKRAND (MILEMARKER) National Highway , Sind","Test"
"70","JQ-1306","","Qasid ()","Imran Shah ()","","","","UP","","Saeedabad Toll Plaza","Test"
"71","JQ-1307","","Muhammad Rizwan ()","Muhammad Usman ()","2024-04-19T00:00:00","","","UP","","TCF SCHOOL HUB  , Hub, Balochistan","Test"
"72","JQ-1308","","Khan Muhammad ()","Niamatullah ()","2024-04-19T00:00:00","","","UP","","Approvel Rest area Lucky Marwat Sarda Hotel (MG)","Test"
"73","JQ-1309","","Gulzar Khan ()","Asghar Khan ()","","","","UP","","192 KM-SUK (MILEMARKER) National Highway , Sindh","Test"
"74","JQ-1858","48KL","Shah Buzer ()","Naseer Ullah ()","2024-04-19T00:00:00","","","UP","","NHHB Base Shakoor & Co","Test"
"75","JQ-1865","48KL","Waseem Rehman ()","Wali Khan ()","2024-04-19T00:00:00","","","UP","","ASKAR OIL DEPOT MACHIKE ","Test"
"76","JQ-1866","48KL","Dawood Khan ()","Hakeem Ullah ()","2024-04-19T00:00:00","","","UP","","NHHB Base Shakoor & Co","Test"
"77","JQ-1870","48KL","Inayat Shah ()","Laiqat Ullah ()","2024-04-19T00:00:00","","","UP","","PAK ARB REFINERY JHUMRA ROAD Sangla Hill Rd , Punj","Test"
"78","JQ-1875","48KL","Adnan ()","Hazrat Munir ()","2024-04-19T00:00:00","","","UP","","NHHB Base Shakoor & Co","Test"
"79","JQ-1885","","Muhammad Shafiq ()","Lal Zaman ()","2024-04-19T00:00:00","","","UP","","179 KM-LHR (MILEMARKER) G.T. Rd , Punjab","Test"
"80","JY-5199","","Gulzar Muhammad ()","Amroz Khan ()","","","","UP","","NHHB Base Shakoor & Co","Test"
"81","JY-9867","","Anwar Zaib ()","M Akram ()","","","","UP","","NHHB Base Shakoor & Co","Test"
"82","LET-3782","","Iftikhar Ahmed ()","M Khalid Mehmood ()","2024-04-19T00:00:00","","","UP","","Not Found","Test"
"83","LET-3783","","Rozi Shah ()","Farhan ()","2024-04-19T00:00:00","","","UP","","Not Found","Test"
"84","LET-3784","","Muhammad Aslam ()","Ali Abbas ()","","","","UP","","Not Found","Test"
"85","LET-3787","","Bashir Khan ()","Khuwaja Muhammad ()","2024-04-19T00:00:00","","","UP","","TCF SCHOOL HUB  , Hub, Balochistan","Test"
"86","LET-3793","","Hunar Khan ()","Abu Bakkar ()","2024-04-19T00:00:00","","","UP","","Parco MCR Qasba Gujrat","Test"
"87","MKJJK","","Mohhammad III ()","Hanza ()","","","","UP","","Not Found","Test"
"88","PSO-PUNJAB-FIRED","","Ashfaq Khan ()"," ()","","","","UP","","Not Found","Test"
"89","PUMA-SPARE","","Amir Mehboob ()","Ijaz Hussain ()","","","","UP","","Not Found","Test"
"90","TAL-113","","Muhammad Sajid ()","Shehzad Ahmed ()","","","","UP","","NHHB Base Shakoor & Co","Test"
"91","TAQ-240","","Veer Jee ()","Said Ullah ()","","","","UP","","NHHB Base Shakoor & Co","Test"
"92","TKV-180","","Syed Furqan Shah ()","Asif Khan ()","","","","UP","","NHHB Base Shakoor & Co","Test"
"93","TKY-128","","Ikaram Khan ()","Muhammad Ibrahim ()","","","","UP","","NHHB Base Shakoor & Co","Test"
"94","TLA- 047","","M Anwar ()","M.Tariq ()","2024-04-19T00:00:00","","","UP","","Not Found","Test"
"95","TLA-024","","Bsheer Ahmed ()","Ghazanfar Abbas ()","2024-04-19T00:00:00","","","UP","","Not Found","Test"
"96","TLA-025","","Abdul Khaliq ()","Muhammad Khalid ()","","","","UP","","NHHB Base Shakoor & Co","Test"
"97","TLA-026","","Muhammad Aslam ()"," ()","","","","UP","","703 KM-LHR (MILEMARKER) National Highway , Sindh","Test"
"98","TLA-027","","Muhammad Yousaf ()","M.Yaseen ()","2024-04-19T00:00:00","","","UP","","KHAROTABAD GRAVEYARD Quetta","Test"
"99","TLA-045","","Muhammad Ramzan ()","Ameer Sher Ali Khan ()","","","","UP","","NHHB Base Shakoor & Co","Test"
"100","TLA-046","","Abdullah  ()","Muhammad Sohail Khan ()","2024-04-19T00:00:00","","","UP","","Error","Test"
"101","TLA-048","","Arbab Hussain ()","Latif ()","2024-04-19T00:00:00","","","UP","","Shell Brohi Petroleum (Shireen Jinah )","Test"
"102","TLA-051","","Muhammad Aqeel ()","Rehmat ullah ()","","","","UP","","Not Found","Test"
"103","TLA-060","","Naveed Ahmed ()","Zahid Iqbal ()","2024-04-19T00:00:00","","","UP","","Not Found","Test"
"104","TLA-061","","Muhammad Qasim ()","Rooh Ul Amin ()","2024-04-19T00:00:00","","","UP","","SHAN CNG Ring Road , Peshawar, Khyber-Pakhtunkhwa","Test"
"105","TLA-062","","Muhammad Amin ()","Abdul Hameed ()","","","","UP","","Navina Ginning &amp; Textile (0.1)","Test"
"106","TLA-683","","Ali Ahmed ()","Mubashir Gaffar ()","","","","UP","","Gushan Chowk Northern By Pass","Test"
"107","TLB-474","","Muhammad Irshad ()","Muhammad Amir ()","2024-04-19T00:00:00","","","UP","","ICI POLYESTER FIBERS-PLANT Lahore-Sheikhupura-Fais","Test"
"108","TLD-703","","Sakhawat ()","Asim Ali ()","","","","UP","","NHHB Base Shakoor & Co","Test"
"109","TLD-704","","Nasir ()","Younas ()","2024-04-19T00:00:00","","","UP","","256 KM-LHR (MILEMARKER) G.T. Rd , Punjab","Test"
"110","TLG-426","","Muhammad Shahid ()","SERAJ DIN ()","","","","UP","","NHHB Base Shakoor & Co","Test"
"111","TLG-430","","AHMED DIN ()","SADER ULLAH ()","","","","UP","","Maan Enterprise","Test"
"112","TLG-431","","SYED RASOOL  ()","SAIFULLAH ()","","","","UP","","Maan Enterprise","Test"
"113","TLG-432","","SAFEER ULLAH ()","Raza Khan ()","","","","UP","","ASK TRANSPORT COMPANY  Port Bin Qasim, Karachi, Si","Test"
"114","TLG-434","","MUNEER AHMED ()","ABID -U-LLAH ()","","","","UP","","1.411KM FROM TORKHAM TORKHAM","Test"
"115","TLG-441","","Nasir ()","Muhammad Abbubakar ()","2024-04-19T00:00:00","","","UP","","Not Found","Test"
"116","TLG-442","","Amin Shah ()","Muhammad Islam ()","2024-04-19T00:00:00","","","UP","","TCF SCHOOL HUB  , Hub, Balochistan","Test"
"117","TLG-648","","Azam Hussain ()","Faraz Khan ()","2024-04-19T00:00:00","","","UP","","EASSAK CNG-64 KM-LHR Pattoki Bypass , Pattoki, Pun","Test"
"118","TLK-662","","WALI MOHD ()","Shafir Ullah ()","","","","UP","","Maan Enterprise","Test"
"119","TLK-842","","Saddam ()","Ghafoor Ali ()","","","","UP","","Shakoor &amp; Company Ltd, N.W Industrial Zone, Port Qasim Rd, Khi (0.0)","Test"
"120","TLK-931","","Naimat Ullah ()","Ihtesham ()","2024-04-19T00:00:00","","","UP","","AT DERA MASTI National Highway Dera Masti Dera Masti","Test"
"121","TLK-978","","Abuzar ()","Tahir Shah ()","2024-04-19T00:00:00","","","UP","","183 KM-LHR (MILEMARKER) G.T. Rd , Punjab","Test"
"122","TLL-310","","Safeer Ahmed ()","Imran Khan ()","","","","UP","","Goth Hazrat Abbas Sharif","Test"
"123","TLL-320","","Muhammad Umair ()"," ()","","","","UP","","Lotte PPTA Plant","Test"
"124","TLL-330","","Inam Ul Hassan ()","NOOR ZADA ()","","","","UP","","ASK TRANSPORT COMPANY  Port Bin Qasim, Karachi, Si","Test"
"125","TLL-340","","Qurban Ali ()","Gull Ameer ()","","","","UP","","GPS Wavers","Test"
"126","TLL-350","","YOUSUF KHAN ()","HABIB UR RAHMAN ()","","","","UP","","Lotte PPTA Plant","Test"
"127","TLL-360","","ABDUL HAQ ()","SORAB KHAN ()","","","","UP","","PPTA Plant","Test"
"128","TLV-602","","Rab Nawaz ()","Abdul Sattar ()","","","","UP","","NHHB Base Shakoor & Co","Test"
"129","TLV-604","","Muhammad Sikandar ()","Mudassir Ghaffar ()","","","","UP","","Agility-Engro Polymer (KHI-Plant)","Test"
"130","TLX-740","","Khadim Hussain ()","Muhammad Aaitbar Khan ()","2024-04-19T00:00:00","","","UP","","JAMIA MASJID Sargodha Rd , Punjab","Test"
"131","TLX-741","","Muhammad Khadim Khan ()"," ()","2024-04-19T00:00:00","","","UP","","NHHB","Test"
"132","TLX-806","","Muhammad Anwar ()","Waqif Khan ()","2024-04-19T00:00:00","","","UP","","IQRA CNG STATION Gujranwala Bypass Qaiser Colony, ","Test"
"133","TLY-013","","Basheer  ()","Muhammad Munawar ()","2024-04-19T00:00:00","","","UP","","205 KM-LHR (MILEMARKER) G.T. Rd , Punjab","Test"
"134","TMA-710","","Abid Hussain ()","M. Muzzamil Imtiaz  ()","2024-04-19T00:00:00","","","UP","","Sindhu F/S","Test"
"135","TMB-909","","Arman Khan ()","Shahzad Ahmad ()","","","","UP","","NHHB Base Shakoor & Co","Test"
"136","TMC-110","","Tanveer Hussain Shah ()","Tariq Mehmood  ()","","","","UP","","236 KM-LHR (MILEMARKER) Mian Channu Bypass , Mian ","Test"
"137","TMC-367","","Muhammad Umar ()","Hokamran ()","2024-04-19T00:00:00","","","UP","","NHHB Base Shakoor & Co","Test"
"138","TMF-351","","Shafqat Ali ()","Muhammad Arif ()","2024-04-19T00:00:00","","","UP","","NHHB Base Shakoor & Co","Test"
"139","TMF-352","","Fakhar Uddin ()"," ()","2024-04-19T00:00:00","","","UP","","AUT CAPT RA-Toba Tek singh rest area M-4","Test"
"140","TMF-363","48KL","Arsala Khan ()","Shams Ur Rehman ()","2024-04-19T00:00:00","","","UP","","Not Found","Test"
"141","TMF-528","","Shah Khalid ()","Gul Raj ()","2024-04-19T00:00:00","","","UP","","Wellup CNG","Test"
"142","TMF-529","","Nauman Khan ()","Asif Saeed ()","2024-04-19T00:00:00","","","UP","","NHHB Base Shakoor & Co","Test"
"143","TMG-132","","Samar Gul ()","Muhammad Shafiq ()","2024-04-19T00:00:00","","","UP","","NHHB Base Shakoor &amp; Co (0.1)","Test"
"144","TMG-917","","Noor Muhammad ()","Zeeshan ()","2024-04-19T00:00:00","","","UP","","PSO Depot MCH","Test"
"145","TMG-941","48KL","Khalid Hussain ()","Muhammad Adnan ()","2024-04-19T00:00:00","","","UP","","NHHB Base Shakoor & Co","Test"
"146","TMG-942","48KL","Irfan Ullah ()","Hayat Ullah ()","2024-04-19T00:00:00","","","UP","","7 KM-SUK (MILEMARKER) National Highway , Sindh","Test"
"147","TMG-943","","Kashif Altaf ()","Muhammad Saqib Ilyas ()","2024-04-19T00:00:00","","","UP","","Bhong","Test"
"148","TMG-944","48KL","Muhammad Imran ()","Muhammad Afzal ()","2024-04-19T00:00:00","","","UP","","GPS Wavers","Test"
"149","TMG-946","48KL","Saeed Ullah ()","Saif Khan ()","2024-04-19T00:00:00","","","UP","","CALTEX-508 KM-LHR National Highway (Taranda Muhamm","Test"
"150","TMH-235","48KL","Zulfiqar Ali ()","Shoukat Khan ()","2024-04-19T00:00:00","","","UP","","15 KM-ROHRI (MILEMARKER) National Highway , Sindh","Test"
"151","TMH-236","48KL","Naib Khan ()","Gul Azam ()","2024-04-19T00:00:00","","","UP","","80 KM-SUK (MILEMARKER) National Highway , Sindh","Test"
"152","TMH-237","48KL","Muhammad Younas ()","Mujahid Ali ()","2024-04-19T00:00:00","","","UP","","PSO PETROL PUMP LHR RWP GT Rd , Punjab","Test"
"153","TMH-238","48KL","Baber Mehmood ()","Zareef Khan ()","2024-04-19T00:00:00","","","UP","","PAK ARB REFINERY JHUMRA ROAD Sangla Hill Rd , Punj","Test"
"154","TMH-239","48KL","Naseer Khan ()","Khalil Ahmed ()","2024-04-19T00:00:00","","","UP","","PSO-23 KM-RANIPUR National Highway , Sindh","Test"
"155","TMH-620","","Sabar Nabi ()","Ayub Shah ()","2024-04-19T00:00:00","","","UP","","Hascol Depo Port Qasim","Test"
"156","TMH-650","48KL","Muhammad Yahya ()","Javed Khan ()","2024-04-19T00:00:00","","","UP","","AL-KHAIR PETROLEUM SERVICES (SWL)","Test"
"157","TMH-670","","CHAN ZAIB ()"," ()","2024-04-19T00:00:00","","","UP","","NHHB Base Shakoor &amp; Co (0.0)","Test"
"158","TMH-680","","Hakeem Ullah ()","Abdul Raziq ()","2024-04-19T00:00:00","","","UP","","NHHB Base Shakoor &amp; Co (0.1)","Test"
"159","TMH-690","","Muhammad Luqman ()","Atta Ullah ()","2024-04-19T00:00:00","","","UP","","Jamal Din Wali (arround Sadiqabad) (6.8)","Test"
"160","TMH-780","48KL","Muhammad Tahir ()","Muhammad Mahboob Ahmad ()","2024-04-19T00:00:00","","","UP","","NHHB Base Shakoor & Co","Test"
"161","TMH-810","48KL","Arif gul ()","ALI AHMED ()","2024-04-19T00:00:00","","","UP","","HINA MARRIAGE HALL Gojra-Jhang Road , Gojra, Punja","Test"
"162","TMH-830","48KL","Muhammad Rafique Khan ()","Habib Ullah ()","2024-04-19T00:00:00","","","UP","","NAWAB PETROLEUM SERVICE","Test"
"163","TMH-860","","Syed Sajid Hussain Shah ()"," ()","2024-04-19T00:00:00","","","UP","","","Test"
"164","TMK-443","48KL","Yaseen Khan ()","Saddam Hussain ()","2024-04-19T00:00:00","","","UP","","NHHB Base Shakoor & Co","Test"
"165","TMK-464","48KL","Arshad Ali ()","Amir Khan ()","2024-04-19T00:00:00","","","UP","","NHHB Base Shakoor & Co","Test"
"166","TMK-542","","Ismail ()","Waseem Khan ()","2024-04-19T00:00:00","","","UP","","PAK ARAB REFINERY LIMITED (PARCO) Karim Dad Quresh","Test"
"167","TMK-543","","Sawali Khan ()","Waqas Ahmed ()","2024-04-19T00:00:00","","","UP","","PAK ARAB REFINERY LIMITED (PARCO) Karim Dad Quresh","Test"
"168","TMK-552","","Muhammad Ajmal ()","M Asghar  ()","","","","UP","","NHHB Base Shakoor & Co","Test"
"169","TML-101","","Malik Israr Akhtar ()","Fakhar Abbas ()","2024-04-19T00:00:00","","","UP","","762 KM-LHR (MILEMARKER) National Highway (Irazi Sa","Test"
"170","TML-135","","Muhammad Azam ()","Gul Nawaz ()","2024-04-19T00:00:00","","","UP","","GLITZ PHARMA  , Islamabad, Islamabad","Test"
"171","TML-136","","Asad Ali ()","Gul Dad Khan ()","2024-04-19T00:00:00","","","UP","","POLICE CHECK POST DHAMAKY Sharaqpur-Shahdara Rd , ","Test"
"172","TML-153","","Abbas ()","Muhammad Afzal ()","","","","UP","","NHHB Base Shakoor & Co","Test"
"173","TML-171","","Zahir Khan ()","Yahya Khan ()","2024-04-19T00:00:00","","","UP","","68 KM-KHI (MILEMARKER) Super Highway , Sindh","Test"
"174","TML-336","","Rehmat Wali ()","Laiq Shah ()","2024-04-19T00:00:00","","","UP","","GULZAR RESTAURANT Mandra-Chakwal Rd , Punjab","Test"
"175","TML-337","","Iran Shah ()","Ahmad Wali ()","2024-04-19T00:00:00","","","UP","","Pir Jo Goth Nadir Shah Jilani","Test"
"176","TML-338","","Naseem ()","Sami Ullah ()","2024-04-19T00:00:00","","","UP","","NHHB Base Shakoor & Co","Test"
"177","TML-339","","Waheed Hussain ()","Nazir Hussain ()","2024-04-19T00:00:00","","","UP","","POLICE CHECK POST DHAMAKY Sharaqpur-Shahdara Rd , ","Test"
"178","TML-346","","Abdul Khaliq ()","Muhammad Javed ()","2024-04-19T00:00:00","","","UP","","JOINT FORCES CADET SCHOOL & COLLEGE  Bosan Town, M","Test"
"179","TML-347","","Fazal Rahim ()","Umer Gul ()","2024-04-19T00:00:00","","","UP","","GRAVEYARD Shikarpur Road , Sukkur, Sindh","Test"
"180","TML-348","","Zabid Ullah ()","Ayaz Ali ()","2024-04-19T00:00:00","","","UP","","TOLL PLAZA-3 KM-MORO National Highway , Sindh","Test"
"181","TML-454","48KL","Aziz Ur Rehman ()","Asim Khan ()","2024-04-19T00:00:00","","","UP","","At Shell Site AL HAJ PS KOTRRI KABEER","Test"
"182","TML-552","","Muhammad Iqbal ()","Raja Muhammad Zahfran ()","2024-04-19T00:00:00","","","UP","","95 KM-SUK (MILEMARKER) National Highway (Jaam Noor","Test"
"183","TMM-266","","Muhammad Altaf ()","Muhammad Ayoob ()","2024-04-19T00:00:00","","","UP","","Noorpur Khanewal","Test"
"184","TUB-926","","Riaz Hussain ()","Ghulam Muhammad ()","2024-04-19T00:00:00","","","UP","","PATROLLING POLICE CHECK POST Sahiwal-Pakpattan Rd ","Test"
"185","TUB-927","","Muhammad Zubair ()","Atta Ul Haq Shah ()","2024-04-19T00:00:00","","","UP","","Shell Kalyam Sharif F/S","Test"
"186","TUB-928","","Muhammad Imran ()","Muhammad Ramzan ()","2024-04-19T00:00:00","","","UP","","PATROLLING POLICE CHECK POST Sahiwal-Pakpattan Rd ","Test"
"187","TUB-929","","Muhammad Qasim ()","Aman Ullah ()","2024-04-19T00:00:00","","","UP","","Authorized Rest Area New Quetta hotel","Test"
"188","TUB-930","","Shakeel Ahmed ()","Binia Amin ()","2024-04-19T00:00:00","","","UP","","PATROLLING POLICE CHECK POST Sahiwal-Pakpattan Rd ","Test"
"189","TUB-932","","Ijaz Hussain ()","Zafar Abbas ()","2024-04-19T00:00:00","","","UP","","PSO Depot MCH","Test"
"190","TUB-933","","Nazakat Ali Khan ()","Imran Khan ()","2024-04-19T00:00:00","","","UP","","office union council No-34 Jand Sohawa to Chakwal ","Test"
"191","TUB-934","","Zohaib ()","Habib Ur Rehman ()","2024-04-19T00:00:00","","","UP","","PATROLLING POLICE CHECK POST Sahiwal-Pakpattan Rd ","Test"
"192","TUD-942","","Muhammad Tahir ()","Abdul Rehman ()","2024-04-19T00:00:00","","","UP","","PSO Depot MCH","Test"
"193","TUD-943","","Muhammad Akhter ()","Muhammad Din ()","2024-04-19T00:00:00","","","UP","","PSO-248 KM-LHR G.T. Rd (Mohsin Wal) , Kot Sajan Si","Test"
"194","TUE-109","","Muhammad Yousaf ()","Basheer Ahmed ()","2024-04-19T00:00:00","","","UP","","157 KM-LHR (MILEMARKER) Sahiwal Bypass , Sahiwal, ","Test"
"195","TUE-274","21KL","Dildar Hussain ()","Shabir Ahmad ()","2024-04-19T00:00:00","","","UP","","ADDA SHREEN WALA MORR Sahiwal District (0.6)","Test"
"196","TUE-376","21KL","Muhammad Rafiq ()","Muhammad Ejaz ()","2024-04-19T00:00:00","","","UP","","Battagram Karokaram Highway","Test"
"197","TUE-845","","Muhammad Shafique ()","Muhammad Niaz ()","2024-04-19T00:00:00","","","UP","","UNITED KASHMIR FLOUR MILL LHR RWP GT Rd , Punjab","Test"
"198","TUE-871","21KL","Arshad Ali ()"," ()","2024-04-19T00:00:00","","","UP","","NHHB Base Shakoor & Co","Test"
"199","TUF-096","21KL","Muhammad Bilal ()","Waseem Akram ()","2024-04-19T00:00:00","","","UP","","PPHI HOSPITAL Amankot Road Amankot Swat (0.2)","Test"
"200","TUF-136","21KL","Muhammad Tofeeq ()","Bilal ahmed ()","2024-04-19T00:00:00","","","UP","","Rawalpindi Road , Kohat, KPK","Test"
"201","UEP-WH-FIRED","","Hassan Shah ()"," ()","","","","UP","","Not Found","Test"

